Job Title,Company,Location,Job Link
"Assistant Manager, Meatpacking",HERMÈS,New York,https://www.welcometothejungle.com/en/companies/hermes/jobs/assistant-manager-meatpacking_new-york_HERMS_8pGDdPV
"Asset Protection Supervisor, Seattle",HERMÈS,Seattle,https://www.welcometothejungle.com/en/companies/hermes/jobs/asset-protection-supervisor-seattle_seattle_HERMS_p7parWg
Sales Associate Los Angeles Store (M/W) - John Lobb,HERMÈS,Beverly Hills,https://www.welcometothejungle.com/en/companies/hermes/jobs/sales-associate-los-angeles-store-m-w-john-lobb_beverly-hills
Technical Product Manager,KRAKEN,New York,https://www.welcometothejungle.com/en/companies/kraken/jobs/technical-product-manager_new-york
JLR Program Manager,MSX INTERNATIONAL,Southfield,https://www.welcometothejungle.com/en/companies/msx-international/jobs/jlr-program-manager_southfield
"Senior Technical Project Manager, EHR Integrations (Remote – U.S.)",IMPLICITY,New York,https://www.welcometothejungle.com/en/companies/implicity/jobs/senior-technical-project-manager-ehr-integrations-remote-u-s_new-york
Subrogation Processor,"TURO, FRANCE",Phoenix,https://www.welcometothejungle.com/en/companies/turo/jobs/subrogation-processor_phoenix_TF_5OzkeoD
Project Manager,"TURO, FRANCE",Phoenix,https://www.welcometothejungle.com/en/companies/turo/jobs/project-manager_phoenix
Trust & Safety Investigator I,"TURO, FRANCE",Phoenix,https://www.welcometothejungle.com/en/companies/turo/jobs/trust-safety-investigator-i_phoenix_TF_AJR9rxo
Mobile Service Field Specialist,MSX INTERNATIONAL,Pittsburgh,https://www.welcometothejungle.com/en/companies/msx-international/jobs/mobile-service-field-specialist_pittsburgh
Ford Service Reservations Coach,MSX INTERNATIONAL,Los Angeles,https://www.welcometothejungle.com/en/companies/msx-international/jobs/ford-service-reservations-coach_los-angeles
Automotive Operations Specialist,MSX INTERNATIONAL,Riverside,https://www.welcometothejungle.com/en/companies/msx-international/jobs/automotive-operations-specialist_los-angeles
Automotive Technical Advisor/Mechanic,MSX INTERNATIONAL,Colorado Springs,https://www.welcometothejungle.com/en/companies/msx-international/jobs/automotive-technical-advisor-mechanic_colorado-springs
"Accessories Business Development Coach - San Antonio/Houston/Austin, TX",MSX INTERNATIONAL,San Antonio,https://www.welcometothejungle.com/en/companies/msx-international/jobs/accessories-business-development-coach-san-antonio-houston-austin-tx_san-antonio
Technical Training Instructor,MSX INTERNATIONAL,Marietta,https://www.welcometothejungle.com/en/companies/msx-international/jobs/technical-training-instructor_marietta
Mobile Service Field Specialist,MSX INTERNATIONAL,Albuquerque,https://www.welcometothejungle.com/en/companies/msx-international/jobs/mobile-service-field-specialist_albuquerque
Product Owner,MSX INTERNATIONAL,Dearborn,https://www.welcometothejungle.com/en/companies/msx-international/jobs/product-owner_dearborn
Service Lane Consultant,MSX INTERNATIONAL,Lexington,https://www.welcometothejungle.com/en/companies/msx-international/jobs/service-lane-consultant_lexington
Service Lane Consultant,MSX INTERNATIONAL,Saratoga Springs,https://www.welcometothejungle.com/en/companies/msx-international/jobs/service-lane-consultant_saratoga-springs
Automotive Operations Specialist,MSX INTERNATIONAL,Harrisburg,https://www.welcometothejungle.com/en/companies/msx-international/jobs/automotive-operations-specialist_harrisburg
Automotive Technical Advisor/Mechanic,MSX INTERNATIONAL,Santa Monica,https://www.welcometothejungle.com/en/companies/msx-international/jobs/automotive-technical-advisor-mechanic_santa-monica
Technical Trainer,MSX INTERNATIONAL,Ridgeville,https://www.welcometothejungle.com/en/companies/msx-international/jobs/technical-trainer_ridgeville
Automotive Technical Advisor/Mechanic,MSX INTERNATIONAL,Torrance,https://www.welcometothejungle.com/en/companies/msx-international/jobs/automotive-technical-advisor-mechanic_torrance
Automotive Service Maintenance Consultant,MSX INTERNATIONAL,Fargo,https://www.welcometothejungle.com/en/companies/msx-international/jobs/automotive-operations-specialist_minneapolis
"Senior Software Engineer, Platform Engineering","TURO, FRANCE",San Francisco,https://www.welcometothejungle.com/en/companies/turo/jobs/senior-software-engineer-platform-engineering_san-francisco
Fraud Prevention Specialist II,"TURO, FRANCE",Phoenix,https://www.welcometothejungle.com/en/companies/turo/jobs/fraud-prevention-specialist-ii_phoenix
Project Engineer M/F,VINCI CONSTRUCTION,Dillwyn,https://www.welcometothejungle.com/en/companies/vinci-construction-fr/jobs/project-engineer-m-f_norfolk
Financial Analyst,SAFRAN ELECTRONICS & DEFENSE,Grand Prairie,https://www.welcometothejungle.com/en/companies/safran-electronics-defense-fr/jobs/financial-analyst_grand-prairie
Avionics Technician III- Electronics,SAFRAN ELECTRONICS & DEFENSE,Grand Prairie,https://www.welcometothejungle.com/en/companies/safran-electronics-defense-fr/jobs/avionics-technician-iii-electronics_grand-prairie
Sales Manager- Contracts,SAFRAN ELECTRONICS & DEFENSE,Irvine,https://www.welcometothejungle.com/en/companies/safran-electronics-defense-fr/jobs/contract-sales-manager_irvine
Senior Electrical Engineer,SAFRAN ELECTRONICS & DEFENSE,Irvine,https://www.welcometothejungle.com/en/companies/safran-electronics-defense-fr/jobs/senior-electrical-engineer_irvine
Contracts Manager,SAFRAN ELECTRONICS & DEFENSE,Irvine,https://www.welcometothejungle.com/en/companies/safran-electronics-defense-fr/jobs/contracts-manager_irvine
Purchasing Manager,SAFRAN ELECTRONICS & DEFENSE,Irvine,https://www.welcometothejungle.com/en/companies/safran-electronics-defense-fr/jobs/purchasing-manager_irvine
Payroll & Operations Specialist,GOJOB,Louisville,https://www.welcometothejungle.com/en/companies/gojob/jobs/payroll-operations-specialist_louisville
Technical Engineer,SAFRAN POWER UNITS,Grand Prairie,https://www.welcometothejungle.com/en/companies/safran-power-units/jobs/technical-engineer_toulouse_SPU_kz3ONjg
"Sales Executive (Remote, USA)",INBOLT,Detroit,https://www.welcometothejungle.com/en/companies/inbolt/jobs/sales-engineer-atlanta-usa_detroit
"Customer Success Engineer, East",DATAIKU,New York,https://www.welcometothejungle.com/en/companies/dataiku/jobs/customer-success-engineer-east_new-york_DATAI_V98ppXq
"Sales Engineer, West",DATAIKU,Los Angeles,https://www.welcometothejungle.com/en/companies/dataiku/jobs/sales-engineer-west_los-angeles_DATAI_bANyzkl
"Senior Data Scientist, West",DATAIKU,Denver,https://www.welcometothejungle.com/en/companies/dataiku/jobs/senior-data-scientist-west_denver_DATAI_5XwZWNX
Senior Account Executive - Automotive (South East USA),DIFFUSELY,Raleigh,https://www.welcometothejungle.com/en/companies/meero/jobs/senior-account-executive-automotive-south-east-usa_raleigh
Regional Sales Director - North America,AKUR8,New York,https://www.welcometothejungle.com/en/companies/akur8/jobs/regional-sales-director-north-america_new-york
Paratransit General Manager,VIA,Los Angeles,https://www.welcometothejungle.com/en/companies/via/jobs/paratransit-general-manager_los-angeles
General Manager,VIA,Oakland,https://www.welcometothejungle.com/en/companies/via/jobs/general-manager_oakland
Vehicle Maintenance Manager,VIA,Los Angeles,https://www.welcometothejungle.com/en/companies/via/jobs/vehicle-maintenance-manager_los-angeles
Driver Support Representative,VIA,Austin,https://www.welcometothejungle.com/en/companies/via/jobs/driver-support-representative_london
Account Executive (US market)-based in Pacific Timezone,BSPORT,Middletown,https://www.welcometothejungle.com/en/companies/bsport-1/jobs/us-account-executive-ae-country-launcher-based-in-pacific-timezone_middletown
Partner Marketing Manager - Woman / Man / Non Binary,FILIGRAN,New York,https://www.welcometothejungle.com/en/companies/filigran/jobs/partner-marketing-manager-woman-man-non-binary_new-york
"People Operations Specialist, Service Delivery & Technology",MIRAKL,Boston,https://www.welcometothejungle.com/en/companies/mirakl/jobs/people-operations-specialist-service-delivery-technology_boston
Specialist - eCommerce Logistics,HERMÈS,Dayton,https://www.welcometothejungle.com/en/companies/hermes/jobs/specialist-ecommerce-logistics_dayton
"Sales Specialist, Beverly Hills Flagship",HERMÈS,Beverly Hills,https://www.welcometothejungle.com/en/companies/hermes/jobs/sales-specialist-beverly-hills-flagship_beverly-hills_HERMS_od5Od2M
"Assistant Manager, Aspen",HERMÈS,Aspen,https://www.welcometothejungle.com/en/companies/hermes/jobs/assistant-manager-aspen_aspen_HERMS_ax3bZAO
Coordinator - Traffic,HERMÈS,Dayton,https://www.welcometothejungle.com/en/companies/hermes/jobs/coordinator-traffic_dayton
Junior Legal Counsel,HERMÈS,Manhattan,https://www.welcometothejungle.com/en/companies/hermes/jobs/junior-legal-counsel_manhattan_HERMS_6pJNy37
"Tailor, Beverly Hills Flagship",HERMÈS,Beverly Hills,https://www.welcometothejungle.com/en/companies/hermes/jobs/tailor-beverly-hills-flagship_beverly-hills_HERMS_6jmLQpp
Merchandising Manager,HERMÈS,Manhattan,https://www.welcometothejungle.com/en/companies/hermes/jobs/merchandising-manager_manhattan_HERMS_DVZp2Rq
Windows Development Manager,HERMÈS,Manhattan,https://www.welcometothejungle.com/en/companies/hermes/jobs/windows-development-manager_manhattan_HERMS_llDyRRX
"Fashion Accessories Repair Craftsperson, Maison Madison Flagship",HERMÈS,New York,https://www.welcometothejungle.com/en/companies/hermes/jobs/fashion-accessories-repair-craftsperson-maison-madison-flagship_new-york_HERMS_JX0x0lw
"Sales Specialist, Leather, Maison Madison Flagship",HERMÈS,New York,https://www.welcometothejungle.com/en/companies/hermes/jobs/sales-specialist-leather-maison-madison-flagship_new-york_HERMS_r3kNzlm
"Inventory Control Specialist, Beverly Hills Flagship",HERMÈS,Beverly Hills,https://www.welcometothejungle.com/en/companies/hermes/jobs/inventory-control-specialist-beverly-hills-flagship_beverly-hills_HERMS_lXa453K
"Regional Sales Manager, West - Americas (CA, OR, WA, HI)",L-ACOUSTICS,Westlake Village,https://www.welcometothejungle.com/en/companies/l-acoustics/jobs/regional-sales-manager-west-americas-ca-or-wa-hi_westlake
People Business Partner,EQUATIV,New York,https://www.welcometothejungle.com/en/companies/equativ/jobs/people-business-partner_new-york
Program Technical Lead,KRAKEN,New York,https://www.welcometothejungle.com/en/companies/kraken/jobs/program-technical-lead_new-york
EPM/CPM Consultant,MELTONE ADVISORY,New York,https://www.welcometothejungle.com/en/companies/meltone-advisory/jobs/epm-cpm-consultant_stamford
EPM / CPM Consulting Manager,MELTONE ADVISORY,New York,https://www.welcometothejungle.com/en/companies/meltone-advisory/jobs/epm-cpm-consulting-manager_paris
Production Support Specialist,MSX INTERNATIONAL,Allen Park,https://www.welcometothejungle.com/en/companies/msx-international/jobs/production-support-specialist_allen-park
Ford Connected Services Coach,MSX INTERNATIONAL,Memphis,https://www.welcometothejungle.com/en/companies/msx-international/jobs/ford-connected-services-coach_memphis
Ford Connected Services Coach,MSX INTERNATIONAL,San Francisco,https://www.welcometothejungle.com/en/companies/msx-international/jobs/ford-connected-services-coach_san-francisco
Automotive Operations Specialist,MSX INTERNATIONAL,Omaha,https://www.welcometothejungle.com/en/companies/msx-international/jobs/automotive-operations-specialist_omaha
Ford Connected Services Coach,MSX INTERNATIONAL,Cincinnati,https://www.welcometothejungle.com/en/companies/msx-international/jobs/ford-connected-services-coach_cincinnati
Ford Connected Services Coach,MSX INTERNATIONAL,Charlotte,https://www.welcometothejungle.com/en/companies/msx-international/jobs/ford-connected-services-coach_charlotte
Ford Connected Services Coach,MSX INTERNATIONAL,Chicago,https://www.welcometothejungle.com/en/companies/msx-international/jobs/ford-connected-services-coach_chicago
Ford Connected Services Coach,MSX INTERNATIONAL,Phoenix,https://www.welcometothejungle.com/en/companies/msx-international/jobs/ford-connected-services-coach_phoenix
Ford Connected Services Coach,MSX INTERNATIONAL,Boston,https://www.welcometothejungle.com/en/companies/msx-international/jobs/ford-connected-services-coach_boston
Ford Connected Services Coach,MSX INTERNATIONAL,Seattle,https://www.welcometothejungle.com/en/companies/msx-international/jobs/ford-connected-services-coach_seattle
Ford Connected Services Coach,MSX INTERNATIONAL,Philadelphia,https://www.welcometothejungle.com/en/companies/msx-international/jobs/ford-connected-services-coach_philadelphia
"Sales Director, CPG",OGURY,Chicago,https://www.welcometothejungle.com/en/companies/ogury/jobs/sales-director-cpg_chicago_OGURY_G3ZwoYp
Senior Treasury Analyst,"TURO, FRANCE",San Francisco,https://www.welcometothejungle.com/en/companies/turo/jobs/senior-treasury-analyst_san-francisco
Mobile Service Field Specialist,MSX INTERNATIONAL,Boston,https://www.welcometothejungle.com/en/companies/msx-international/jobs/mobile-service-field-specialist_boston
Hybrid District Manager Parts & Service,MSX INTERNATIONAL,Cleveland,https://www.welcometothejungle.com/en/companies/msx-international/jobs/hybrid-district-manager-parts-service_southfield_MI_0RNyDdQ
Automotive Operations Specialist,MSX INTERNATIONAL,Spokane,https://www.welcometothejungle.com/en/companies/msx-international/jobs/automotive-operations-specialist_spokane_MI_o9APjX5
Airframer Support Engineer F/H,SAFRAN AIRCRAFT ENGINES,Seattle,https://www.welcometothejungle.com/en/companies/safran-aircraft-engines/jobs/airframer-support-engineer-f-h_seattle
Ingénieur/e ASE (Airframer Support Engineer) BOEING F/H,SAFRAN AIRCRAFT ENGINES,Seattle,https://www.welcometothejungle.com/en/companies/safran-aircraft-engines/jobs/ingenieur-e-ase-airframer-support-engineer-boeing-f-h_seattle
Implementation Specialist,MSX INTERNATIONAL,Philadelphia,https://www.welcometothejungle.com/en/companies/msx-international/jobs/national-coach-boston_boston
Business Development Manager - Actionable Insights,MSX INTERNATIONAL,Southfield,https://www.welcometothejungle.com/en/companies/msx-international/jobs/business-development-manager-actionable-insights_southfield
Project Assistant- Engineering,SAFRAN ELECTRONICS & DEFENSE,Irvine,https://www.welcometothejungle.com/en/companies/safran-electronics-defense-fr/jobs/project-assistant-engineering_irvine
Quality Engineer,SAFRAN ELECTRONICS & DEFENSE,Grand Prairie,https://www.welcometothejungle.com/en/companies/safran-electronics-defense-fr/jobs/quality-engineer_grand-prairie
Electro-Mechanical Avionics Technician Level 2,SAFRAN ELECTRONICS & DEFENSE,Grand Prairie,https://www.welcometothejungle.com/en/companies/safran-electronics-defense-fr/jobs/avionics-technician_grand-prairie
"Senior Sales Engineer, West",DATAIKU,Denver,https://www.welcometothejungle.com/en/companies/dataiku/jobs/senior-sales-engineer-west_denver_DATAI_0ldqa1z
Content Writer,DUST,San Francisco,https://www.welcometothejungle.com/en/companies/dust/jobs/content-writer_san-francisco
Data Engineer Confirmé _ Aix-en-Provence,SOGETI,Clearwater,https://www.welcometothejungle.com/en/companies/sogeti/jobs/data-engineer-confirme-_-aix-en-provence_marseille
SMB Sales Representative - US,DIFFUSELY,Raleigh,https://www.welcometothejungle.com/en/companies/meero/jobs/smb-sales-representative-us_raleigh_DIFFU_RpyLZ4e
Account Manager - North America,AKUR8,New York,https://www.welcometothejungle.com/en/companies/akur8/jobs/account-manager-north-america_new-york
Account Executive - North America,AKUR8,New York,https://www.welcometothejungle.com/en/companies/akur8/jobs/account-executive-north-america_new-york
Senior Account Executive – Automotive SaaS USA (Mountain time / TX),DIFFUSELY,Raleigh,https://www.welcometothejungle.com/en/companies/meero/jobs/senior-sales-executive-automotive-saas-west-coast-usa_raleigh
Sales Manager SMB & BDR - USA,DIFFUSELY,Raleigh,https://www.welcometothejungle.com/en/companies/meero/jobs/sales-bdr-team-lead-usa-north-carolina-raleigh-durham-preferred_raleigh
Business Development Representative (BDR) - USA,DIFFUSELY,Raleigh,https://www.welcometothejungle.com/en/companies/meero/jobs/business-development-representative-bdr-east-usa_raleigh
CDL Driver,VIA,Sioux Falls,https://www.welcometothejungle.com/en/companies/via/jobs/cdl-driver_sioux-falls
Senior Proposals Writer,VIA,New York,https://www.welcometothejungle.com/en/companies/via/jobs/strategic-proposals-associate-principal_new-york
Expansion Associate Principal,VIA,New York,https://www.welcometothejungle.com/en/companies/via/jobs/operations-expansion-associate-principal_london
Event Marketing Associate,VIA,New York,https://www.welcometothejungle.com/en/companies/via/jobs/event-marketing-associate_new-york
Sales Development Representative (US market),BSPORT,Middletown,https://www.welcometothejungle.com/en/companies/bsport-1/jobs/us-sales-development-representative-sdr-country-launcher-based-in-pacific-timezone_middletown
"Senior Enterprise Account Executive, Retail Media",MIRAKL,Somerville,https://www.welcometothejungle.com/en/companies/mirakl/jobs/enterprise-account-executive-retail-media_boston
"Floor Director, Short Hills",HERMÈS,Short Hills,https://www.welcometothejungle.com/en/companies/hermes/jobs/floor-director-short-hills_short-hills_HERMS_WmNyR2
"Regional Vice President, Northern",HERMÈS,Manhattan,https://www.welcometothejungle.com/en/companies/hermes/jobs/regional-vice-president-northern_manhattan_HERMS_qgzVgXr
"Director - Human Resources Business Partner, West Region",HERMÈS,Beverly Hills,https://www.welcometothejungle.com/en/companies/hermes/jobs/director-human-resources-business-partner-west-region_beverly-hills
"Senior Human Resources Business Partner, Service Centers",HERMÈS,New York,https://www.welcometothejungle.com/en/companies/hermes/jobs/senior-human-resources-business-partner-service-centers_new-york
"Senior Director - Human Resources Business Partner, Retail",HERMÈS,Manhattan,https://www.welcometothejungle.com/en/companies/hermes/jobs/senior-director-human-resources-business-partner-retail_manhattan
"Selling Supervisor, Topanga",HERMÈS,Canoga Park,https://www.welcometothejungle.com/en/companies/hermes/jobs/selling-supervisor-topanga_canoga-park
Office & Guest Ambassador - Nashville,L-ACOUSTICS,Nashville,https://www.welcometothejungle.com/en/companies/l-acoustics/jobs/office-guest-ambassador-nashville_nashville
Senior Lead Regulation & Markets - North America,KRAKEN,New York,https://www.welcometothejungle.com/en/companies/kraken/jobs/senior-lead-regulation-markets-north-america_new-york
"Senior Staff Software Engineer, Payments","TURO, FRANCE",San Francisco,https://www.welcometothejungle.com/en/companies/turo/jobs/senior-staff-software-engineer-payments_san-francisco
Dealer Service Performance Manager,MSX INTERNATIONAL,Boston,https://www.welcometothejungle.com/en/companies/msx-international/jobs/dealer-service-performance-manager_boston_MI_q8Re7dq
"Applied AI, Forward Deployed Machine Learning Engineer - NYC",MISTRAL AI,New York,https://www.welcometothejungle.com/en/companies/mistral-ai/jobs/applied-ai-engineer-use-case-palo-alto_palo-alto
Technical Support Expert,MISTRAL AI,Palo Alto,https://www.welcometothejungle.com/en/companies/mistral-ai/jobs/technical-support-expert_palo-alto
Senior Product Marketing Manager - New York,MISTRAL AI,New York,https://www.welcometothejungle.com/en/companies/mistral-ai/jobs/senior-product-marketing-manager-new-york_new-york
Senior Accountant,"TURO, FRANCE",San Francisco,https://www.welcometothejungle.com/en/companies/turo/jobs/senior-accountant_san-francisco
"Enterprise Account Executive, LATAM (Brazil)",DATAIKU,New York,https://www.welcometothejungle.com/en/companies/dataiku/jobs/enterprise-account-executive-latam-brazil_new-york
"AI Deployment Strategist, Pre-Sales (US)",DUST,San Francisco,https://www.welcometothejungle.com/en/companies/dust/jobs/solutions-engineer-us_san-francisco
Analyst / Associate Creadev US,CREADEV,New York,https://www.welcometothejungle.com/en/companies/creadev/jobs/analyst-associate-creadev-us_new-york
Senior Account Executive – Automotive SaaS (North East USA),DIFFUSELY,Raleigh,https://www.welcometothejungle.com/en/companies/meero/jobs/senior-sales-executive-automotive-saas-north-east-usa_raleigh
"Macro Economics Journalist, Washington DC",AGENCE FRANCE-PRESSE,Washington,https://www.welcometothejungle.com/en/companies/agence-france-presse/jobs/macro-economics-journalist-washington-dc_washington
"Regional Manager - Sales, Central - Hermès Horloger",HERMÈS,Las Vegas,https://www.welcometothejungle.com/en/companies/hermes/jobs/regional-manager-sales-central-hermes-horloger_las-vegas_HERMS_RlXdrG8
"Floor Director, Maison, Maison Madison Flagship",HERMÈS,New York,https://www.welcometothejungle.com/en/companies/hermes/jobs/floor-director-maison-maison-madison-flagship_new-york
"Sales Specialist, WRTW/Shoes, Maison Madison Flagship",HERMÈS,New York,https://www.welcometothejungle.com/en/companies/hermes/jobs/sales-specialist-wrtw-shoes-maison-madison-flagship_new-york
Conseiller Commercial (F/H) - Dpt 02,AXA,Avenel,https://www.welcometothejungle.com/en/companies/axa/jobs/conseiller-commercial-axa-f-h-aisne_nanterre
"Assistant Manager, Beverly Hills Flagship",HERMÈS,Beverly Hills,https://www.welcometothejungle.com/en/companies/hermes/jobs/assistant-manager-beverly-hills-flagship_beverly-hills_HERMS_5w7oxr
"Assistant Manager, Men's Universe, Maison Madison Flagship",HERMÈS,New York,https://www.welcometothejungle.com/en/companies/hermes/jobs/assistant-manager-men-s-universe-maison-madison-flagship_new-york_HERMS_rLOpZq0
"Sales Specialist, Las Vegas Crystals",HERMÈS,Las Vegas,https://www.welcometothejungle.com/en/companies/hermes/jobs/sales-specialist-las-vegas-crystals_las-vegas_HERMS_ZKjyorp
"Selling Supervisor, Las Vegas Crystals",HERMÈS,Las Vegas,https://www.welcometothejungle.com/en/companies/hermes/jobs/selling-supervisor-las-vegas-crystals_las-vegas_HERMS_N2QDAWW
After Sales & Client Services Coordinator,HERMÈS,Manhattan,https://www.welcometothejungle.com/en/companies/hermes/jobs/after-sales-client-services-coordinator_manhattan_HERMS_5KeLgD2
"Sales Specialist, Seattle",HERMÈS,Bellevue,https://www.welcometothejungle.com/en/companies/hermes/jobs/sales-specialist-seattle_bellevue_HERMS_265LXPr
Enterprise Account Executive,BREVO,Austin,https://www.welcometothejungle.com/en/companies/sendinblue/jobs/enterprise-account-executive_austin
Account Executive,BREVO,Austin,https://www.welcometothejungle.com/en/companies/sendinblue/jobs/account-executive_austin
Client Delivery Lead,KRAKEN,New York,https://www.welcometothejungle.com/en/companies/kraken/jobs/senior-client-delivery-lead_new-york
Client Delivery Lead - Residential Flex,KRAKEN,New York,https://www.welcometothejungle.com/en/companies/kraken/jobs/client-delivery-lead-smartflex_new-york
Client Delivery Lead,KRAKEN,New York,https://www.welcometothejungle.com/en/companies/kraken/jobs/client-delivery-lead_new-york
Mobile Service Field Specialist,MSX INTERNATIONAL,Atlanta,https://www.welcometothejungle.com/en/companies/msx-international/jobs/mobile-service-field-specialist_atlanta_MI_KRzkbjz
Client Services Associate,OGURY,New York,https://www.welcometothejungle.com/en/companies/ogury/jobs/client-services-associate_new-york
AI Deployment Strategist - Palo Alto,MISTRAL AI,Palo Alto,https://www.welcometothejungle.com/en/companies/mistral-ai/jobs/ai-deployment-strategist-palo-alto_palo-alto
"Staff Software Engineer, iOS","TURO, FRANCE",San Francisco,https://www.welcometothejungle.com/en/companies/turo/jobs/staff-software-engineer-ios_san-francisco
"Security Engineer, Enterprise Security","TURO, FRANCE",San Francisco,https://www.welcometothejungle.com/en/companies/turo/jobs/security-engineer-enterprise-security_san-francisco
Product Owner,MSX INTERNATIONAL,Southfield,https://www.welcometothejungle.com/en/companies/msx-international/jobs/product-owner_southfield
"Customer Operations Manager, US, Austin",PELICO,Miami,https://www.welcometothejungle.com/en/companies/pelico/jobs/customer-operations-manager-us-austin_miami
Security Engineer (F/M/X),YOUSIGN,Myrtle Point,https://www.welcometothejungle.com/en/companies/yousign/jobs/security-engineer-f-m-x_remote_YOUSI_No7O87V
"Senior Supervisor, Quality","TURO, FRANCE",Phoenix,https://www.welcometothejungle.com/en/companies/turo/jobs/senior-supervisor-quality_phoenix
Senior Product & Marketing Counsel,"TURO, FRANCE",San Francisco,https://www.welcometothejungle.com/en/companies/turo/jobs/senior-product-marketing-counsel_san-francisco
"Director, US Brand & Integrated Marketing","TURO, FRANCE",San Francisco,https://www.welcometothejungle.com/en/companies/turo/jobs/director-us-brand-integrated-marketing_san-francisco
Financial Planning & Analysis Manager (Revenue),"TURO, FRANCE",San Francisco,https://www.welcometothejungle.com/en/companies/turo/jobs/financial-planning-analysis-manager-revenue_toronto
EGS Garage Assistant,MSX INTERNATIONAL,Fountain Valley,https://www.welcometothejungle.com/en/companies/msx-international/jobs/egs-garage-assistant_irvine
"Senior Software Engineer, Android","TURO, FRANCE",San Francisco,https://www.welcometothejungle.com/en/companies/turo/jobs/senior-software-engineer-android_san-francisco
BIM/CAD Draughtsman M/F,VINCI CONSTRUCTION,Norfolk,https://www.welcometothejungle.com/en/companies/vinci-construction-fr/jobs/bim-cad-draughtsman-m-f_norfolk
"Onsite Manager Red Oak, TX",GOJOB,Red Oak,https://www.welcometothejungle.com/en/companies/gojob/jobs/onsite-manager-red-oak-tx_red-oak_GOJOB_GVgxmld
HR Generalist,SAFRAN ELECTRONICS & DEFENSE,Irvine,https://www.welcometothejungle.com/en/companies/safran-electronics-defense-fr/jobs/hr-generalist_irvine
Site Reliability Engineer - New York,DATAIKU,New York,https://www.welcometothejungle.com/en/companies/dataiku/jobs/site-reliability-engineer-new-york_new-york
VIE - Solutions Engineer,GLADIA,New York,https://www.welcometothejungle.com/en/companies/gladia/jobs/vie-solutions-engineer_new-york
Executive Assistant,DATAIKU,New York,https://www.welcometothejungle.com/en/companies/dataiku/jobs/executive-assistant_new-york
"Principal Data Scientist, Stochastic Modeling",VIA,New York,https://www.welcometothejungle.com/en/companies/via/jobs/principal-data-scientist-stochastic-modeling_new-york
"Principal Data Scientist, Advanced ML & Optimization",VIA,New York,https://www.welcometothejungle.com/en/companies/via/jobs/principal-data-scientist-advanced-ml-optimization_new-york
Conseiller(e) en assurance réseau BAYONNE H/F,MUTUELLE DES MOTARDS,Bayonne,https://www.welcometothejungle.com/en/companies/mutuelle-des-motards/jobs/conseiller-en-assurance-reseau-bayonne-h-f_bayonne
"Sales Specialist, Las Vegas Bellagio",HERMÈS,Las Vegas,https://www.welcometothejungle.com/en/companies/hermes/jobs/sales-specialist-las-vegas-bellagio_las-vegas_HERMS_eqoqmeL
Supervisor - Client Relations Center,HERMÈS,Beverly Hills,https://www.welcometothejungle.com/en/companies/hermes/jobs/supervisor-client-relations-center_beverly-hills
"Selling & Service Assistant, Boston",HERMÈS,Boston,https://www.welcometothejungle.com/en/companies/hermes/jobs/selling-service-assistant-boston_boston_HERMS_LW0l64y
"Assistant Manager, Las Vegas Crystals",HERMÈS,Las Vegas,https://www.welcometothejungle.com/en/companies/hermes/jobs/assistant-manager-las-vegas-crystals_las-vegas_HERMS_L9MY3V9
Assistant Manager - Logistics Operations,HERMÈS,Dayton,https://www.welcometothejungle.com/en/companies/hermes/jobs/assistant-manager-logistics-operations_dayton_HERMS_DJaYJb8
"Assistant Manager, San Diego",HERMÈS,San Diego,https://www.welcometothejungle.com/en/companies/hermes/jobs/assistant-manager-san-diego_san-diego_HERMS_o0dDDXD
Travel Coordinator,L-ACOUSTICS,Camarillo,https://www.welcometothejungle.com/en/companies/l-acoustics/jobs/travel-coordinator_westlake
Transport and Customs Coordinator,L-ACOUSTICS,Camarillo,https://www.welcometothejungle.com/en/companies/l-acoustics/jobs/transport-and-customs-coordinator_westlake
Senior Software Engineer,KRAKEN,New York,https://www.welcometothejungle.com/en/companies/kraken/jobs/senior-software-engineer_new-york
Software Engineer II,KRAKEN,New York,https://www.welcometothejungle.com/en/companies/kraken/jobs/software-engineer-ii_new-york
Product Manager - Vertically Integrated Utilities,KRAKEN,New York,https://www.welcometothejungle.com/en/companies/kraken/jobs/product-manager-vertically-integrated-utilities_new-york
Senior Product Manager - Outage Management,KRAKEN,New York,https://www.welcometothejungle.com/en/companies/kraken/jobs/senior-product-manager-outage-management_new-york
[Dealer Services Program] Parts & Service Data Analyst,MSX INTERNATIONAL,Fountain Valley,https://www.welcometothejungle.com/en/companies/msx-international/jobs/dealer-services-program-parts-service-data-analyst_fountain-valley
Implementation Specialist,MSX INTERNATIONAL,Cincinnati,https://www.welcometothejungle.com/en/companies/msx-international/jobs/implementation-specialist_cincinnati
Remote AI Digitalization Expert,MSX INTERNATIONAL,Southfield,https://www.welcometothejungle.com/en/companies/msx-international/jobs/remote-ai-digitalization-expert_southfield
"Lead Customer Operations (US, Seattle)",PELICO,Miami,https://www.welcometothejungle.com/en/companies/pelico/jobs/lead-customer-operations-us-seattle_miami
Strategy & Planning Manager,"TURO, FRANCE",San Francisco,https://www.welcometothejungle.com/en/companies/turo/jobs/strategy-planning-manager_san-francisco
AI Scientist - Palo Alto,MISTRAL AI,Palo Alto,https://www.welcometothejungle.com/en/companies/mistral-ai/jobs/ai-scientist-palo-alto_palo-alto
Mechanical Designer- Design Checker,SAFRAN ELECTRONICS & DEFENSE,Irvine,https://www.welcometothejungle.com/en/companies/safran-electronics-defense-fr/jobs/mechanical-designer-design-checker_irvine
Customer Success Manager - North America,DOLEAD,Cambridge,https://www.welcometothejungle.com/en/companies/dolead/jobs/customer-success-manager-north-america_cambridge_DOLEA_e8DgwjL
Director of Product Marketing,DATAIKU,New York,https://www.welcometothejungle.com/en/companies/dataiku/jobs/director-of-product-marketing_paris
Business Development Representative,DATAIKU,Denver,https://www.welcometothejungle.com/en/companies/dataiku/jobs/business-development-representative_denver_DATAI_xwXdK8r
Business Development Representative,DATAIKU,New York,https://www.welcometothejungle.com/en/companies/dataiku/jobs/business-development-representative_new-york_DATAI_0mb6gXK
"Product Marketing Manager, Technical Marketing",DATAIKU,New York,https://www.welcometothejungle.com/en/companies/dataiku/jobs/product-marketing-manager-technical-marketing_new-york
Founding Growth Marketer,DUST,San Francisco,https://www.welcometothejungle.com/en/companies/dust/jobs/founding-growth-marketer_san-francisco
Emerging Enterprise Account Executive,DATAIKU,New York,https://www.welcometothejungle.com/en/companies/dataiku/jobs/emerging-enterprise-account-executive_new-york_DATAI_ANZWkND
Senior Engagement Manager,DATAIKU,Denver,https://www.welcometothejungle.com/en/companies/dataiku/jobs/senior-engagement-manager_denver
Deal Desk Manager,DATADOME,New York,https://www.welcometothejungle.com/en/companies/datadome/jobs/deal-desk-manager_new-york
Sales Enablement Manager,DATADOME,New York,https://www.welcometothejungle.com/en/companies/datadome/jobs/sales-enablement-manager_new-york
VP Business Operations,DATADOME,New York,https://www.welcometothejungle.com/en/companies/datadome/jobs/vp-business-operations_new-york
"Director of Public Sector Business Development, Central US",VIA,Chicago,https://www.welcometothejungle.com/en/companies/via/jobs/director-of-public-sector-business-development-central-us_london
Account Executive (Remote - North America),CODERPAD (CODINGAME),San Francisco,https://www.welcometothejungle.com/en/companies/codingame/jobs/account-executive-remote-north-america_san-francisco
Strategic Account Executive - North America,CODERPAD (CODINGAME),San Francisco,https://www.welcometothejungle.com/en/companies/codingame/jobs/strategic-account-executive-north-america_san-francisco
Events Marketing Manager,CODERPAD (CODINGAME),San Francisco,https://www.welcometothejungle.com/en/companies/codingame/jobs/events-marketing-manager_san-francisco
"Sales Specialist, Boston",HERMÈS,Boston,https://www.welcometothejungle.com/en/companies/hermes/jobs/sales-specialist-boston_boston
"Hospitality Ambassador, Maison Madison Flagship",HERMÈS,New York,https://www.welcometothejungle.com/en/companies/hermes/jobs/hospitality-ambassador-maison-madison-flagship_new-york
Internal Controller,HERMÈS,Manhattan,https://www.welcometothejungle.com/en/companies/hermes/jobs/internal-controller_manhattan
Strategic Account Lead,EQUATIV,New York,https://www.welcometothejungle.com/en/companies/equativ/jobs/account-executive-holdco_new-york
Mobile Service Field Specialist,MSX INTERNATIONAL,Memphis,https://www.welcometothejungle.com/en/companies/msx-international/jobs/mobile-service-field-specialist_memphis
Wholesale Parts Account Manager,MSX INTERNATIONAL,St Louis,https://www.welcometothejungle.com/en/companies/msx-international/jobs/wholesale-parts-account-manager_st-louis_MI_97kqoL8
Implementation Specialist,MSX INTERNATIONAL,Denver,https://www.welcometothejungle.com/en/companies/msx-international/jobs/implementation-specialist_denver
"Senior Data Analyst, Marketing","TURO, FRANCE",San Francisco,https://www.welcometothejungle.com/en/companies/turo/jobs/senior-data-analyst-marketing_san-francisco
Product Support Engineer (Blockchain),KILN,New York,https://www.welcometothejungle.com/en/companies/kiln-fi/jobs/product-support-engineer-blockchain_new-york_KILN_R6qjkAe
Senior Sales Director,OGURY,New York,https://www.welcometothejungle.com/en/companies/ogury/jobs/senior-sales-director_new-york_OGURY_Q15zR1l
Sales Director,OGURY,New York,https://www.welcometothejungle.com/en/companies/ogury/jobs/sales-director_new-york_OGURY_rd7bGdm
Customer Success Manager,OGURY,Denver,https://www.welcometothejungle.com/en/companies/ogury/jobs/customer-success-manager_denver_OGURY_1M6D3lP
Manager of Quality Systems,SAFRAN ELECTRONICS & DEFENSE,Grand Prairie,https://www.welcometothejungle.com/en/companies/safran-electronics-defense-fr/jobs/manager-of-quality-systems_grand-prairie
"Director, Legal",DATAIKU,New York,https://www.welcometothejungle.com/en/companies/dataiku/jobs/director-legal_new-york
Senior Brand Designer (SF),DUST,San Francisco,https://www.welcometothejungle.com/en/companies/dust/jobs/senior-web-designer_paris
Enterprise Account Executive,DATAIKU,Dallas,https://www.welcometothejungle.com/en/companies/dataiku/jobs/enterprise-account-executive_dallas
Electrician,NEXANS,Goose Creek,https://www.welcometothejungle.com/en/companies/nexans/jobs/electrician_goose-creek
Customer Care Account Manager - US Market,ONEPILOT,New York,https://www.welcometothejungle.com/en/companies/onepilot/jobs/customer-care-account-manager-us-based_new-york
Operator,NEXANS,Goose Creek,https://www.welcometothejungle.com/en/companies/nexans/jobs/operator_goose-creek
Field Logistics Manager,VIA,Los Angeles,https://www.welcometothejungle.com/en/companies/via/jobs/field-logistics-manager_los-angeles
Facilities Maintenance Technician,VIA,Sioux Falls,https://www.welcometothejungle.com/en/companies/via/jobs/facilities-maintenance-technician_london
Account Manager,VIA,Denver,https://www.welcometothejungle.com/en/companies/via/jobs/account-manager_london
"Strategic Business Development Principal, Central US",VIA,Chicago,https://www.welcometothejungle.com/en/companies/via/jobs/strategic-business-development-principal-central-us_london
"Director of Product, Applied ML for Routing",VIA,New York,https://www.welcometothejungle.com/en/companies/via/jobs/director-of-product-algo-shiran-ezra_london
"VP, Sales",VIA,Chicago,https://www.welcometothejungle.com/en/companies/via/jobs/vp-of-partnerships-central_london
Partner Success Associate Principal,VIA,Denver,https://www.welcometothejungle.com/en/companies/via/jobs/partner-success-associate-principal_denver
"Strategy & Operations Principal, Partner Operations",VIA,Dallas,https://www.welcometothejungle.com/en/companies/via/jobs/strategy-operations-principal-partner-operations_london_VIA_a7zAbDP
Driver Operations Specialist,VIA,Chicago,https://www.welcometothejungle.com/en/companies/via/jobs/driver-operations-specialist_london
"Senior Product Manager, Remix",VIA,New York,https://www.welcometothejungle.com/en/companies/via/jobs/senior-product-manager-remix_london
Commercial Strategy Principal,VIA,Chicago,https://www.welcometothejungle.com/en/companies/via/jobs/commercial-strategy-principal_london
General Manager,VIA,Mobile,https://www.welcometothejungle.com/en/companies/via/jobs/general-manager-mobile_mobile
"Strategic Business Development Principal, Central US",VIA,Chicago,https://www.welcometothejungle.com/en/companies/via/jobs/strategic-business-development-principal-central-us_london_VIA_X35dY21
"Strategy & Operations Principal, Partner Operations",VIA,Los Angeles,https://www.welcometothejungle.com/en/companies/via/jobs/strategy-operations-principal-partner-operations_london
Partner Success Associate Principal,VIA,Chicago,https://www.welcometothejungle.com/en/companies/via/jobs/partner-success-associate-principal_chicago
"Strategic Business Development Principal, Eastern US",VIA,Atlanta,https://www.welcometothejungle.com/en/companies/via/jobs/strategic-business-development-principal-eastern-us_london
"General Manager, Partner Operations",VIA,New York,https://www.welcometothejungle.com/en/companies/via/jobs/general-manager-partner-operations_london_VIA_zy9kZ70
"Senior Product Manager, Applied ML for Routing",VIA,New York,https://www.welcometothejungle.com/en/companies/via/jobs/senior-algo-product-manager_london
Sioux Area Metro Utility Worker,VIA,Sioux Falls,https://www.welcometothejungle.com/en/companies/via/jobs/sioux-area-metro-utility-worker_london
"Partner Success Principal, Western US",VIA,Denver,https://www.welcometothejungle.com/en/companies/via/jobs/partner-success-principal-western-us_london
Accounting Operations Associate Principal,VIA,New York,https://www.welcometothejungle.com/en/companies/via/jobs/accounting-operations-associate-principal_new-york
Senior Strategic Sales Principal - Public & Private Sector,VIA,Chicago,https://www.welcometothejungle.com/en/companies/via/jobs/senior-strategic-sales-principal-public-private-sector_london_VIA_ga1L918
Partner Growth Principal,VIA,Chicago,https://www.welcometothejungle.com/en/companies/via/jobs/partner-growth-principal_london
"Partner Success Principal, Central US",VIA,Chicago,https://www.welcometothejungle.com/en/companies/via/jobs/partner-success-principal-central-us_london
Partner Growth Principal,VIA,Denver,https://www.welcometothejungle.com/en/companies/via/jobs/partner-growth-principal_london_VIA_e78qaoV
"Head of Product, Rider and Driver Apps",VIA,New York,https://www.welcometothejungle.com/en/companies/via/jobs/head-of-product-mobile_london
Dispatcher,VIA,Austin,https://www.welcometothejungle.com/en/companies/via/jobs/dispatcher_london_VIA_lwKODGa
Account Executive,VIA,Atlanta,https://www.welcometothejungle.com/en/companies/via/jobs/account-executive_london_VIA_QJZZ2N2
Mechanic,VIA,Sioux Falls,https://www.welcometothejungle.com/en/companies/via/jobs/sioux-area-metro-mechanic_london
Diesel Mechanic,VIA,Sioux Falls,https://www.welcometothejungle.com/en/companies/via/jobs/diesel-mechanic_london
Lube Technician,VIA,Sioux Falls,https://www.welcometothejungle.com/en/companies/via/jobs/lube-technician_london
Litigation and Regulatory Counsel,VIA,New York,https://www.welcometothejungle.com/en/companies/via/jobs/litigation-and-regulatory-counsel_new-york
"Strategy Associate, Proposals",VIA,New York,https://www.welcometothejungle.com/en/companies/via/jobs/strategy-associate-proposals_new-york
"Principal Product Designer, On-Demand Transit Apps",VIA,New York,https://www.welcometothejungle.com/en/companies/via/jobs/senior-product-designer-rider-app_new-york
"Senior Product Manager, Transit Operator",VIA,New York,https://www.welcometothejungle.com/en/companies/via/jobs/senior-product-manager-transit-operator_london
"VP, Sales",VIA,New York,https://www.welcometothejungle.com/en/companies/via/jobs/vp-of-partnerships-east_london
Senior Strategic Sales Principal - Public & Private Sector,VIA,Atlanta,https://www.welcometothejungle.com/en/companies/via/jobs/senior-strategic-sales-principal-public-private-sector_london
Shuttle Operator,VIA,San Francisco,https://www.welcometothejungle.com/en/companies/via/jobs/shuttle-operator_london
Paratransit Driver,VIA,Austin,https://www.welcometothejungle.com/en/companies/via/jobs/paratransit-driver_fort-worth
"Strategy & Operations Principal, Partner Operations",VIA,New York,https://www.welcometothejungle.com/en/companies/via/jobs/strategy-operations-principal-partner-operations_london_VIA_obKxglD
Support Specialist,VIA,Park City,https://www.welcometothejungle.com/en/companies/via/jobs/support-specialist_london
Responsable support applicatif manufacturing & data F/H,SAFRAN,Franklin,https://www.welcometothejungle.com/en/companies/safran/jobs/responsable-digital-manufacturing-site-f-h_franklin
"Director of Product Management, Mobile",VIA,New York,https://www.welcometothejungle.com/en/companies/via/jobs/director-of-product-management-on-demand-transit-mobile-apps_london
Finance Associate Principal,VIA,New York,https://www.welcometothejungle.com/en/companies/via/jobs/finance-associate-principal_new-york
Finance Associate,VIA,New York,https://www.welcometothejungle.com/en/companies/via/jobs/finance-associate_new-york
"VP, Global Communications",VIA,New York,https://www.welcometothejungle.com/en/companies/via/jobs/vp-global-communications_new-york
"Senior Product Manager, Mobile",VIA,New York,https://www.welcometothejungle.com/en/companies/via/jobs/senior-product-manager-on-demand-transit-mobile-apps_london
Commercial Strategy Associate Principal,VIA,New York,https://www.welcometothejungle.com/en/companies/via/jobs/commercial-strategy-associate-principal_new-york
"Asset Protection Supervisor, Waikiki",HERMÈS,Honolulu,https://www.welcometothejungle.com/en/companies/hermes/jobs/asset-protection-supervisor-waikiki_honolulu_HERMS_GA3QMmd
"Selling Supervisor, Waikiki",HERMÈS,Honolulu,https://www.welcometothejungle.com/en/companies/hermes/jobs/selling-supervisor-waikiki_honolulu_HERMS_g27J8Rx
"Greeter/Host, Palo Alto",HERMÈS,Palo Alto,https://www.welcometothejungle.com/en/companies/hermes/jobs/greeter-host-palo-alto_palo-alto_HERMS_67Plegj
"Selling And Service Assistant, Topanga",HERMÈS,Canoga Park,https://www.welcometothejungle.com/en/companies/hermes/jobs/selling-and-service-assistant-topanga_canoga-park_HERMS_46PXXqa
Enterprise Account Executive,BREVO,Boston,https://www.welcometothejungle.com/en/companies/sendinblue/jobs/enterprise-account-executive_boston
Senior Enterprise Account Executive USA,TRUSTPAIR,New York,https://www.welcometothejungle.com/en/companies/trustpair/jobs/senior-enterprise-account-executive-usa_new-york_TRUST_X3X26Yp
Senior Account Manager USA,TRUSTPAIR,New York,https://www.welcometothejungle.com/en/companies/trustpair/jobs/senior-account-manager-north-america_new-york_TRUST_209Nq47
Customer Success Manager (US),KILN,New York,https://www.welcometothejungle.com/en/companies/kiln-fi/jobs/customer-success-manager-us_new-york_KILN_W4pNdeG
Head of Fleet Solutions,MSX INTERNATIONAL,Warwick,https://www.welcometothejungle.com/en/companies/msx-international/jobs/head-of-fleet-solutions_warwick
Program Manager - US,GOJOB,Louisville,https://www.welcometothejungle.com/en/companies/gojob/jobs/program-manager-us_louisville_GOJOB_lXrma22
Sales Director - Atlanta - Logistics & Manufacturing,GOJOB,Atlanta,https://www.welcometothejungle.com/en/companies/gojob/jobs/sales-director-atlanta-logistics-manufacturing_atlanta
Onsite Manager Dallas TX,GOJOB,Dallas,https://www.welcometothejungle.com/en/companies/gojob/jobs/onsite-manager-dallas-tx_dallas
Payroll Support Specialist,GOJOB,Louisville,https://www.welcometothejungle.com/en/companies/gojob/jobs/payroll-support-specialist_louisville
Sales Assistant Part Time,AMERICAN VINTAGE,Boston,https://www.welcometothejungle.com/en/companies/american-vintage/jobs/sales-assistant-part-time_boston
Sales Development Representative,CONTENTSQUARE,New York,https://www.welcometothejungle.com/en/companies/contentsquare/jobs/sales-development-representative_new-york_CONTE_Z8wr6N6
Enterprise Account Success Manager,CROSSBEAM,Phoenix,https://www.welcometothejungle.com/en/companies/reveal/jobs/enterprise-account-success-manager_phoenix
Business Development Analyst - Denver,DESCARTES UNDERWRITING,Denver,https://www.welcometothejungle.com/en/companies/descartesunderwriting/jobs/business-development-analyst-denver_denver
General Manager,VIA,San Francisco,https://www.welcometothejungle.com/en/companies/via/jobs/general-manager_london
"Senior Product Designer, Transit Operations",VIA,New York,https://www.welcometothejungle.com/en/companies/via/jobs/senior-product-designer-voc_london
ABM (Account-Based Marketing) Associate,VIA,New York,https://www.welcometothejungle.com/en/companies/via/jobs/business-development-representative_london
Commercial Strategy Associate,VIA,New York,https://www.welcometothejungle.com/en/companies/via/jobs/commercial-strategy-associate_new-york
Senior Marketing Analyst,VIA,New York,https://www.welcometothejungle.com/en/companies/via/jobs/associate-principal-rider-insights_london
State Policy and Government Affairs Principal,VIA,San Francisco,https://www.welcometothejungle.com/en/companies/via/jobs/local-policy-and-government-affairs-principal_san-francisco
"Inventory Control Specialist, Waikiki",HERMÈS,Honolulu,https://www.welcometothejungle.com/en/companies/hermes/jobs/inventory-control-specialist-waikiki_honolulu_HERMS_VR9Zq0q
"Sales Specialist, Ala Moana",HERMÈS,Honolulu,https://www.welcometothejungle.com/en/companies/hermes/jobs/sales-specialist-ala-moana_honolulu_HERMS_r3b59Wm
"Area Asset Protection Manager, Waikiki",HERMÈS,Honolulu,https://www.welcometothejungle.com/en/companies/hermes/jobs/area-asset-protection-manager-waikiki_honolulu_HERMS_N7d72mZ
General Accountant,L-ACOUSTICS,Westlake Village,https://www.welcometothejungle.com/en/companies/l-acoustics/jobs/general-accountant_westlake
Senior Customer Implementation Manager - USA,MAKIPEOPLE,New York,https://www.welcometothejungle.com/en/companies/maki/jobs/senior-customer-implementation-manager-usa
Strategic Cloud Partner Lead - AWS,MISTRAL AI,Palo Alto,https://www.welcometothejungle.com/en/companies/mistral-ai/jobs/strategic-cloud-partner-lead-aws_palo-alto
Key Account Manager - North America - M/F/D,AB TASTY,New York,https://www.welcometothejungle.com/en/companies/ab-tasty/jobs/key-account-manager-north-america-m-f-d_new-york
"Manager, Recoveries","TURO, FRANCE",Phoenix,https://www.welcometothejungle.com/en/companies/turo/jobs/manager-recoveries_phoenix
Senior Growth Product Designer,GORGIAS,New York,https://www.welcometothejungle.com/en/companies/gorgias/jobs/senior-growth-product-designer_new-york-city
Staff Product Manager - AI Journey,GORGIAS,New York,https://www.welcometothejungle.com/en/companies/gorgias/jobs/staff-product-manager-ai-journey_new-york-city
SAP FICO Transformation Lead - S/4HANA,CAPGEMINI,Chadron,https://www.welcometothejungle.com/en/companies/capgemini/jobs/sap-fico-transformation-lead-s-4hana_bordeaux
Strategic Account Executive,DATAIKU,Cleveland,https://www.welcometothejungle.com/en/companies/dataiku/jobs/strategic-account-executive_cleveland
Enterprise Account Executive - West,DATAIKU,Los Angeles,https://www.welcometothejungle.com/en/companies/dataiku/jobs/enterprise-account-executive_san-diego
Revenue Operations Manager,NABLA,New York,https://www.welcometothejungle.com/en/companies/nabla/jobs/revenue-operations-manager_new-york
"Senior Sales Engineer, LATAM",DATAIKU,New York,https://www.welcometothejungle.com/en/companies/dataiku/jobs/senior-sales-engineer-latam_new-york
Strategic Account Executive - Central,DATAIKU,Cincinnati,https://www.welcometothejungle.com/en/companies/dataiku/jobs/enterprise-account-executive-central_minneapolis
Strategic Account Executive,DATAIKU,Austin,https://www.welcometothejungle.com/en/companies/dataiku/jobs/strategic-account-executive_austin
Enterprise Account Executive - Central,DATAIKU,Cleveland,https://www.welcometothejungle.com/en/companies/dataiku/jobs/strategic-account-executive-central_minneapolis_DATAI_jd7bR4Z
Enterprise Account Executive,DATAIKU,Austin,https://www.welcometothejungle.com/en/companies/dataiku/jobs/enterprise-account-executive_austin
Clinician Trainer & Experience Specialist,NABLA,New York,https://www.welcometothejungle.com/en/companies/nabla/jobs/clinician-trainer-experience-specialist_new-york
Customer & Community Advocacy Manager,DATADOME,New York,https://www.welcometothejungle.com/en/companies/datadome/jobs/customer-community-advocacy-manager_new-york
Senior Marketing Specialist,QUANTIS,Boston,https://www.welcometothejungle.com/en/companies/quantis/jobs/senior-marketing-specialist_boston
"Director of Business Development, Eastern US",VIA,Atlanta,https://www.welcometothejungle.com/en/companies/via/jobs/director-of-business-development-eastern-us_georgia
Global Media Relations & Influencer Marketing Manager,GOPRO FRANCE,San Mateo,https://www.welcometothejungle.com/en/companies/gopro/jobs/manager-global-media-relations-influencer-marketing_san-mateo
Equity Compensation Analyst,VIA,New York,https://www.welcometothejungle.com/en/companies/via/jobs/equity-compensation-analyst_new-york
Workday Administrator,VIA,New York,https://www.welcometothejungle.com/en/companies/via/jobs/workday-administrator_new-york
Customer Success Manager,SWEEP,Denver,https://www.welcometothejungle.com/en/companies/sweep-1/jobs/customer-success-manager_denver
Field Application Engineer,SBG SYSTEMS,Santa Ana,https://www.welcometothejungle.com/en/companies/sbg-systems/jobs/field-application-engineer_santa-ana
Sales Manager - West Coast & Contract Projects,HERMÈS,New York,https://www.welcometothejungle.com/en/companies/hermes/jobs/sales-manager-west-coast-contract-projects_new-york
Senior Manager - Special Events,HERMÈS,Manhattan,https://www.welcometothejungle.com/en/companies/hermes/jobs/senior-manager-special-events_manhattan_HERMS_0RoDjyK
"Inventory Control Specialist, Maison Madison Flagship",HERMÈS,New York,https://www.welcometothejungle.com/en/companies/hermes/jobs/inventory-control-specialist-maison-madison-flagship_new-york_HERMS_ZYaeYay
"Client Development Manager, Women's Ready-to-Wear",HERMÈS,Beverly Hills,https://www.welcometothejungle.com/en/companies/hermes/jobs/client-development-manager-women-s-ready-to-wear_beverly-hills_HERMS_PYRrbXl
Coordinator - Client Relations Center,HERMÈS,New York,https://www.welcometothejungle.com/en/companies/hermes/jobs/coordinator-client-relations-center_new-york_HERMS_rjaJZJ0
Director of Employee Relations & Compliance,HERMÈS,Manhattan,https://www.welcometothejungle.com/en/companies/hermes/jobs/director-of-employee-relations-compliance_manhattan_HERMS_1lW1Gk8
Ad Sales Account Manager,MIRAKL,Boston,https://www.welcometothejungle.com/en/companies/mirakl/jobs/business-developer-retail-media_boston
"Senior Customer Success Consultant, Retail Media",MIRAKL,Somerville,https://www.welcometothejungle.com/en/companies/mirakl/jobs/senior-customer-success-consultant-retail-media_somerville
Coordinator - Client Relations Center,HERMÈS,Beverly Hills,https://www.welcometothejungle.com/en/companies/hermes/jobs/coordinator-client-relations-center_beverly-hills_HERMS_8bW98gV
Senior Implementation Specialist,HIVEBRITE,New York,https://www.welcometothejungle.com/en/companies/hivebrite/jobs/senior-onboarding-specialist_new-york
Client Technical Implementation Lead,KRAKEN,New York,https://www.welcometothejungle.com/en/companies/kraken/jobs/senior-client-implementation-lead_new-york
Service Lane Consultant,MSX INTERNATIONAL,Boston,https://www.welcometothejungle.com/en/companies/msx-international/jobs/service-lane-consultant_boston
"Entry Level Openings for College Graduates (LA, San Francisco, Boston, NYC, Chicago, and Philadephia)",MSX INTERNATIONAL,Southfield,https://www.welcometothejungle.com/en/companies/msx-international/jobs/entry-level-openings-for-college-graduates-la-san-francisco-boston-nyc-chicago-and-philadephia_southfield
"Accessories Business Development Coach - Dallas, TX",MSX INTERNATIONAL,Dallas,https://www.welcometothejungle.com/en/companies/msx-international/jobs/accessories-business-development-coach-dallas-tx_dallas
Automotive Finance & Insurance Trainer,MSX INTERNATIONAL,Southfield,https://www.welcometothejungle.com/en/companies/msx-international/jobs/trainer_irvine_MI_gzk2988
Automotive Finance & Insurance Trainer,MSX INTERNATIONAL,Southfield,https://www.welcometothejungle.com/en/companies/msx-international/jobs/trainer_irvine
Ford Connected Services Coach,MSX INTERNATIONAL,Los Angeles,https://www.welcometothejungle.com/en/companies/msx-international/jobs/ford-connected-services-trainer_los-angeles
Senior Data Platform Engineer,DATAIKU,New York,https://www.welcometothejungle.com/en/companies/dataiku/jobs/senior-data-platform-engineer_new-york
Développeur FullStack (Java/Angular),SOGETI,Clearwater,https://www.welcometothejungle.com/en/companies/sogeti/jobs/developpeur-fullstack-java-angular_marseille
Senior iOS Engineer,VIA,New York,https://www.welcometothejungle.com/en/companies/via/jobs/senior-ios-engineer_london_VIA_Y57X7Jg
"Floor Director, Boston",HERMÈS,Boston,https://www.welcometothejungle.com/en/companies/hermes/jobs/floor-director-boston_boston_HERMS_RwyVKqA
"Managing Director, Short Hills",HERMÈS,Short Hills,https://www.welcometothejungle.com/en/companies/hermes/jobs/managing-director-short-hills_short-hills
"Selling And Service Assistant, Las Vegas Wynn",HERMÈS,Las Vegas,https://www.welcometothejungle.com/en/companies/hermes/jobs/selling-and-service-assistant-las-vegas-wynn_las-vegas_HERMS_YDWDwjg
"Assistant Manager, Leather/Equestrian, Maison Madison Flagship",HERMÈS,New York,https://www.welcometothejungle.com/en/companies/hermes/jobs/assistant-manager-leather-equestrian-maison-madison-flagship_new-york
TechOps Generalist,KRAKEN,New York,https://www.welcometothejungle.com/en/companies/kraken/jobs/techops-generalist_new-york
Regional Operations Manager,MSX INTERNATIONAL,Dallas,https://www.welcometothejungle.com/en/companies/msx-international/jobs/regional-operations-manager_dallas
Hybrid District Manager Parts & Service,MSX INTERNATIONAL,Richmond,https://www.welcometothejungle.com/en/companies/msx-international/jobs/hybrid-district-manager-parts-service_richmond
Field Engineer,MSX INTERNATIONAL,San Francisco,https://www.welcometothejungle.com/en/companies/msx-international/jobs/field-engineer_san-francisco
"Marketing Manager, Commercial Enablement",INATO,New York,https://www.welcometothejungle.com/en/companies/inato/jobs/marketing-manager-commercial-enablement_new-york
Vendor Manager I,"TURO, FRANCE",Phoenix,https://www.welcometothejungle.com/en/companies/turo/jobs/vendor-manager-i_phoenix
"Backend Engineer, Rider Account",VIA,New York,https://www.welcometothejungle.com/en/companies/via/jobs/backend-engineer-rider-account_new-york
Head of Defense – Americas,SBG SYSTEMS,Oakland,https://www.welcometothejungle.com/en/companies/sbg-systems/jobs/head-of-defense-americas_west-macarthur-boulevard
Procurement Manager,HERMÈS,Manhattan,https://www.welcometothejungle.com/en/companies/hermes/jobs/procurement-manager_manhattan_HERMS_zQKyw9M
"Sales Specialist, Waikiki",HERMÈS,Honolulu,https://www.welcometothejungle.com/en/companies/hermes/jobs/sales-specialist-waikiki_honolulu_HERMS_V761moe
Senior Director - Client Development,HERMÈS,New York,https://www.welcometothejungle.com/en/companies/hermes/jobs/senior-director-client-development_new-york_HERMS_AxOAO8b
Sales Enablement Manager,EQUATIV,New York,https://www.welcometothejungle.com/en/companies/equativ/jobs/sales-enablement-manager_new-york
Strategic Account Lead,EQUATIV,Los Angeles,https://www.welcometothejungle.com/en/companies/equativ/jobs/strategic-account-lead_los-angeles
Hybrid District Manager Parts & Service,MSX INTERNATIONAL,Pittsburgh,https://www.welcometothejungle.com/en/companies/msx-international/jobs/hybrid-district-manager-parts-service_southfield_MI_bZ7xWeb
"Senior Product Designer, Risk and Protection","TURO, FRANCE",San Francisco,https://www.welcometothejungle.com/en/companies/turo/jobs/senior-product-designer-risk-and-protection_san-francisco
Mechanical Engineer III,SAFRAN ELECTRONICS & DEFENSE,Irvine,https://www.welcometothejungle.com/en/companies/safran-electronics-defense-fr/jobs/mechanical-engineer-iii_irvine
Senior Systems Engineer,SAFRAN ELECTRONICS & DEFENSE,Irvine,https://www.welcometothejungle.com/en/companies/safran-electronics-defense-fr/jobs/sr-systems-engineer_irvine_SED_PXJVjVm
Store Manager,AMERICAN VINTAGE,Boston,https://www.welcometothejungle.com/en/companies/american-vintage/jobs/store-manager_boston_AV_QoxaAGY
"Logistics Clerk, Cycle Count",SAFRAN ELECTRONICS & DEFENSE,Grand Prairie,https://www.welcometothejungle.com/en/companies/safran-electronics-defense-fr/jobs/logistics-clerk-cycle-count_grand-prairie
Senior Software Engineer- Electromechanical Systems,SAFRAN ELECTRONICS & DEFENSE,Irvine,https://www.welcometothejungle.com/en/companies/safran-electronics-defense-fr/jobs/senior-software-engineer-electromechanical-systems_irvine
"Enterprise Account Executive, Latin America (Colombia & Northern Mexico)",DATAIKU,New York,https://www.welcometothejungle.com/en/companies/dataiku/jobs/enterprise-account-executive-latin-america-colombia-northern-mexico_new-york
Product Evangelist,DATAIKU,San Francisco,https://www.welcometothejungle.com/en/companies/dataiku/jobs/product-evangelist_san-francisco
Senior Workday Developer,DATAIKU,New York,https://www.welcometothejungle.com/en/companies/dataiku/jobs/senior-people-systems-developer_new-york
Forward Deployed Engineer (US),DUST,San Francisco,https://www.welcometothejungle.com/en/companies/dust/jobs/forward-deployed-engineer-us_san-francisco
Chef de secteur - restauration commerciale H/F,SYSCO FRANCE,Albertville,https://www.welcometothejungle.com/en/companies/sysco-france/jobs/chef-de-secteur-restauration-commerciale-h-f_albertville_SF_JG0R75Q
HR Operations Manager,VIA,Mobile,https://www.welcometothejungle.com/en/companies/via/jobs/hr-operations-manager_mobile
Platform and Sustainability Expert,SWEEP,Denver,https://www.welcometothejungle.com/en/companies/sweep-1/jobs/platform-and-sustainability-expert_denver
Senior Customer Success Account Manager US,MAKIPEOPLE,New York,https://www.welcometothejungle.com/en/companies/maki/jobs/senior-customer-success-account-manager-nyc
Systems Administrator,"TURO, FRANCE",San Francisco,https://www.welcometothejungle.com/en/companies/turo/jobs/systems-administrator_san-francisco
Senior FP&A Analyst (Cost of Revenue and Variable Costs),"TURO, FRANCE",San Francisco,https://www.welcometothejungle.com/en/companies/turo/jobs/senior-fp-a-analyst-cost-of-revenue-and-variable-costs_san-francisco
"Talent Acquisition, USA",MISTRAL AI,Palo Alto,https://www.welcometothejungle.com/en/companies/mistral-ai/jobs/talent-acquisition-usa_palo-alto
"VP, Treasury",DATAIKU,New York,https://www.welcometothejungle.com/en/companies/dataiku/jobs/vp-treasury_new-york
Senior Account Executive - North America,AKUR8,New York,https://www.welcometothejungle.com/en/companies/akur8/jobs/senior-account-executive-north-america_new-york
Back-End Engineer,HELLOBIOME,San Francisco,https://www.welcometothejungle.com/en/companies/hellobiome/jobs/back-end-engineer_san-francisco
Partnership Manager,EQUATIV,New York,https://www.welcometothejungle.com/en/companies/equativ/jobs/partnership-manager_new-york
Hybrid District Manager Parts & Service,MSX INTERNATIONAL,Boise,https://www.welcometothejungle.com/en/companies/msx-international/jobs/hybrid-district-manager-parts-service_boise
Automotive Technical Advisor/Mechanic,MSX INTERNATIONAL,Seattle,https://www.welcometothejungle.com/en/companies/msx-international/jobs/automotive-technical-advisor-mechanic_seattle
Customer Experience Specialist US,PELICO,Miami,https://www.welcometothejungle.com/en/companies/pelico/jobs/customer-experience-specialist-us_miami
Senior Account Executive - US,PELICO,Miami,https://www.welcometothejungle.com/en/companies/pelico/jobs/senior-account-executive-us_miami_PELIC_LN3DYlL
Global Head of Talent Acquisition (Based in US),PELICO,Miami,https://www.welcometothejungle.com/en/companies/pelico/jobs/global-head-of-talent-acquisition-based-in-us_miami
Fraud Prevention Specialist I,"TURO, FRANCE",Phoenix,https://www.welcometothejungle.com/en/companies/turo/jobs/fraud-prevention-specialist-i_phoenix
Express Service Plus Specialist,MSX INTERNATIONAL,Boston,https://www.welcometothejungle.com/en/companies/msx-international/jobs/express-service-plus-specialist_boston
Director of Operations,SAFRAN ELECTRONICS & DEFENSE,Irvine,https://www.welcometothejungle.com/en/companies/safran-electronics-defense-fr/jobs/director-of-operations_irvine
Quality Manager M/F,VINCI CONSTRUCTION,Norfolk,https://www.welcometothejungle.com/en/companies/vinci-construction-fr/jobs/quality-manager-m-f_norfolk
QSE Project Coordinator M/F,VINCI CONSTRUCTION,Norfolk,https://www.welcometothejungle.com/en/companies/vinci-construction-fr/jobs/qse-project-coordinator-m-f_norfolk
Project Engineer (System Integration) M/F,VINCI CONSTRUCTION,Chicago,https://www.welcometothejungle.com/en/companies/vinci-construction-fr/jobs/project-engineer-system-integration-m-f_chicago
Means & Methods Engineer (Civil & Trackwork) M/F,VINCI CONSTRUCTION,Chicago,https://www.welcometothejungle.com/en/companies/vinci-construction-fr/jobs/means-methods-engineer-civil-trackwork-m-f_chicago
Project Engineer (Environmental Compliance & Maintenance of Traffic) M/F,VINCI CONSTRUCTION,Chicago,https://www.welcometothejungle.com/en/companies/vinci-construction-fr/jobs/project-engineer-environmental-compliance-maintenance-of-traffic-m-f_chicago
Clinician Experience Specialist,NABLA,New York,https://www.welcometothejungle.com/en/companies/nabla/jobs/clinician-experience-specialist_new-york
"Director, AI Solutions for Life Sciences",DATAIKU,New York,https://www.welcometothejungle.com/en/companies/dataiku/jobs/director-ai-solutions-for-life-sciences_new-york
Integration – Boston,DOLEAD,Cambridge,https://www.welcometothejungle.com/en/companies/dolead/jobs/integration-boston_cambridge
Senior Data Engineer in Marketing Effectiveness,EKIMETRICS,New York,https://www.welcometothejungle.com/en/companies/ekimetrics/jobs/senior-consultant-in-data-engineering-marketing-effectiveness_new-york
VIE US: Embedded Linux Engineer (Yocto) M/F,WITEKIO,Bellevue,https://www.welcometothejungle.com/en/companies/witekio/jobs/vie-us-embedded-linux-engineer-yocto-m-f_bellevue_WITEK_DZKgQJl
Strategic Account Manager,DFNS,New York,https://www.welcometothejungle.com/en/companies/dfns/jobs/strategic-account-manager_new-york
"VP of Business Development, LATAM",DFNS,"Ciudad de México, Miami…+1",https://www.welcometothejungle.com/en/companies/dfns/jobs/vp-of-business-development-latam_sao-paulo
"Principal Solutions Engineer, US",DFNS,New York,https://www.welcometothejungle.com/en/companies/dfns/jobs/principal-solutions-engineer_new-york
Senior Core Systems Engineer,DFNS,"New York, Paris",https://www.welcometothejungle.com/en/companies/dfns/jobs/senior-core-systems-engineer
Senior Infrastructure Engineer,DFNS,New York,https://www.welcometothejungle.com/en/companies/dfns/jobs/senior-infrastructure-engineer_new-york
Principal Security Engineer,DFNS,"New York, Paris",https://www.welcometothejungle.com/en/companies/dfns/jobs/principal-security-engineer
Senior Blockchain Engineer,DFNS,"New York, Paris",https://www.welcometothejungle.com/en/companies/dfns/jobs/senior-blockchain-engineer_DFNS_PXQa2Y2
"Principal Software Engineer, US",DFNS,New York,https://www.welcometothejungle.com/en/companies/dfns/jobs/principal-software-engineer_new-york_DFNS_7xqGK1A
Senior Software Engineer,DFNS,"New York, Paris",https://www.welcometothejungle.com/en/companies/dfns/jobs/senior-software-engineer_DFNS_g7N3YLx
Lead Mobile Engineer,DFNS,"New York, Paris",https://www.welcometothejungle.com/en/companies/dfns/jobs/lead-mobile-engineer
Senior Frontend Engineer,DFNS,"New York, Paris",https://www.welcometothejungle.com/en/companies/dfns/jobs/senior-frontend-engineer_DFNS_JGkjyOQ
"Assistant Manager, Men's Universe, Maison Madison Flagship",HERMÈS,New York,https://www.welcometothejungle.com/en/companies/hermes/jobs/assistant-manager-men-s-universe-maison-madison-flagship_new-york_HERMS_yKg96r9
Product & Content Marketing Lead 🇺🇸,WEWARD,New York,https://www.welcometothejungle.com/en/companies/weward/jobs/product-content-marketing-lead_new-york_WEWAR_D0PGG0
North America Delivery Team Manager,KURMI SOFTWARE,New York,https://www.welcometothejungle.com/en/companies/kurmi-software/jobs/delivery-manager-north-america_new-york_KS_k9jx4KZ
Quantum Hardware & Physics Specialist,ALICE & BOB,Boston,https://www.welcometothejungle.com/en/companies/alice-bob/jobs/quantum-hardware-physics-specialist_boston
"Director, Regional GM","TURO, FRANCE",San Francisco,https://www.welcometothejungle.com/en/companies/turo/jobs/director-regional-gm_san-francisco_TF_Zb6xAVr
Field Engineer M/F,VINCI CONSTRUCTION,Chicago,https://www.welcometothejungle.com/en/companies/vinci-construction-fr/jobs/field-engineer-m-f_chicago
Key Account Manager- OEM Americas,SAFRAN ELECTRONICS & DEFENSE,Irvine,https://www.welcometothejungle.com/en/companies/safran-electronics-defense-fr/jobs/key-account-manager-oem-americas_irvine
Director of Supply Chain,SAFRAN ELECTRONICS & DEFENSE,Irvine,https://www.welcometothejungle.com/en/companies/safran-electronics-defense-fr/jobs/director-of-supply-chain_irvine
Maintenance of Traffic Project Manager M/F,VINCI CONSTRUCTION,Chicago,https://www.welcometothejungle.com/en/companies/vinci-construction-fr/jobs/maintenance-of-traffic-project-manager-m-f_chicago
Superintendent M/F,VINCI CONSTRUCTION,Chicago,https://www.welcometothejungle.com/en/companies/vinci-construction-fr/jobs/superintendent-m-f_chicago
Actuarial Data Scientist,AKUR8,New York,https://www.welcometothejungle.com/en/companies/akur8/jobs/actuarial-data-scientist_new-york
Claims & Insurance Program Manager (f/m/d),FREE2MOVE,Washington,https://www.welcometothejungle.com/en/companies/free2move/jobs/claims-insurance-program-manager-f-m-d_washington
Talent Associate,VIA,New York,https://www.welcometothejungle.com/en/companies/via/jobs/talent-associate_new-york
Recruiter,VIA,New York,https://www.welcometothejungle.com/en/companies/via/jobs/recruiter_new-york
Recruiting Coordinator,VIA,New York,https://www.welcometothejungle.com/en/companies/via/jobs/recruiting-coordinator_new-york
US Finance Controller,KRAKEN,New York,https://www.welcometothejungle.com/en/companies/kraken/jobs/finance-controller_houston
Data Analyst,MSX INTERNATIONAL,Southfield,https://www.welcometothejungle.com/en/companies/msx-international/jobs/data-analyst_southfield_MI_7xJDg8d
Ford Connected Services Coach,MSX INTERNATIONAL,Kansas City,https://www.welcometothejungle.com/en/companies/msx-international/jobs/ford-connected-services-trainer_kansas-city
Sales Director,OGURY,Chicago,https://www.welcometothejungle.com/en/companies/ogury/jobs/sales-director_chicago_OGURY_wMLp5dV
Critical Safety Specialist I,"TURO, FRANCE",Phoenix,https://www.welcometothejungle.com/en/companies/turo/jobs/critical-safety-specialist-i_phoenix
Executive Support Associate II,"TURO, FRANCE",Phoenix,https://www.welcometothejungle.com/en/companies/turo/jobs/executive-support-associate-ii_phoenix
Engineering Manager – Configuration Management & Design Support,SAFRAN ELECTRONICS & DEFENSE,Irvine,https://www.welcometothejungle.com/en/companies/safran-electronics-defense-fr/jobs/engineering-manager-configuration-management-design-support_irvine
Project Manager,SAFRAN ELECTRONICS & DEFENSE,Irvine,https://www.welcometothejungle.com/en/companies/safran-electronics-defense-fr/jobs/assistant-project-manager_irvine
"Sales Engineer, West",DATAIKU,New York,https://www.welcometothejungle.com/en/companies/dataiku/jobs/sales-engineer-west_new-york_DATAI_QAx6a4w
Senior Customer Success Manager,DATAIKU,Dallas,https://www.welcometothejungle.com/en/companies/dataiku/jobs/customer-success-manager_dallas
Senior GTM Recruiter (San Francisco),DUST,San Francisco,https://www.welcometothejungle.com/en/companies/dust/jobs/senior-talent-acquisition-partner-us_new-york
SALES MANAGER - BEVERAGE INDUSTRY,FRENCH BLOOM,New York,https://www.welcometothejungle.com/en/companies/french-bloom/jobs/responsable-e-commerce-univers-luxe-b2c_paris
Executive Assistant to the CEO,CONTENTSQUARE,New York,https://www.welcometothejungle.com/en/companies/contentsquare/jobs/executive-assistant-to-the-ceo_new-york
"Strategy & Operations Associate, Global Support",VIA,New York,https://www.welcometothejungle.com/en/companies/via/jobs/strategy-operations-associate-global-support_new-york
Warehouse Supervisor,L-ACOUSTICS,Camarillo,https://www.welcometothejungle.com/en/companies/l-acoustics/jobs/warehouse-supervisor_camarillo_LACOU_qV9GORr
Senior Account Manager,EQUATIV,New York,https://www.welcometothejungle.com/en/companies/equativ/jobs/senior-account-manager_new-york
Mobile Service Field Specialist,MSX INTERNATIONAL,San Francisco,https://www.welcometothejungle.com/en/companies/msx-international/jobs/mobile-service-field-specialist_san-francisco
Marketplace Support Program Manager,"TURO, FRANCE",Phoenix,https://www.welcometothejungle.com/en/companies/turo/jobs/marketplace-support-program-manager_phoenix
Automotive Technical Advisor/Mechanic,MSX INTERNATIONAL,San Francisco,https://www.welcometothejungle.com/en/companies/msx-international/jobs/automotive-technical-advisor-mechanic_san-francisco
US Legal Counsel,KILN,New York,https://www.welcometothejungle.com/en/companies/kiln-fi/jobs/us-legal-counsel_new-york
Founding Sales Development Representative,GLADIA,New York,https://www.welcometothejungle.com/en/companies/gladia/jobs/sales-development-representative_new-york
Chargé de devis et commerce F/H,EIFFAGE ÉNERGIE SYSTÈMES,Beaumont,https://www.welcometothejungle.com/en/companies/eiffageenergiesystemes/jobs/charge-de-devis-et-commerce-f-h_beaumont_ENS_Z0gPNAr
Operations & Expansion Associate,VIA,New York,https://www.welcometothejungle.com/en/companies/via/jobs/operations-expansion-associate_london
Channel Account Manager - North-America West Region,FILIGRAN,New York,https://www.welcometothejungle.com/en/companies/filigran/jobs/channel-account-manager-north-america-west-region_new-york
Senior People Systems (HRIS) Analyst,"TURO, FRANCE",San Francisco,https://www.welcometothejungle.com/en/companies/turo/jobs/senior-people-systems-analyst_san-francisco
"Account Executive, Commercial US",MISTRAL AI,Palo Alto,https://www.welcometothejungle.com/en/companies/mistral-ai/jobs/account-executive-commercial-us_palo-alto
Automotive Technical Advisor/Mechanic,MSX INTERNATIONAL,Denver,https://www.welcometothejungle.com/en/companies/msx-international/jobs/automotive-technical-advisor-mechanic_denver
"Product Manager, Cloud Integrations",MISTRAL AI,New York,https://www.welcometothejungle.com/en/companies/mistral-ai/jobs/product-manager-cloud-integrations_new-york
Key Account Manager- US Military & Defense,SAFRAN ELECTRONICS & DEFENSE,Irvine,https://www.welcometothejungle.com/en/companies/safran-electronics-defense-fr/jobs/key-account-manager-us-military-defense_irvine
Partner Sales Director,DATAIKU,New York,https://www.welcometothejungle.com/en/companies/dataiku/jobs/partner-sales-director_new-york
Account Executive (US),DUST,San Francisco,https://www.welcometothejungle.com/en/companies/dust/jobs/account-executive-us_san-francisco
Sales Development Representative (SDR),KILI TECHNOLOGY,Brooklyn,https://www.welcometothejungle.com/en/companies/kili-technology/jobs/junior-sales-development-representative-sdr_brooklyn
1st Enterprise Account Executive,KILI TECHNOLOGY,Brooklyn,https://www.welcometothejungle.com/en/companies/kili-technology/jobs/1st-enterprise-account-executive_brooklyn
"Principal Strategist, Fashion & Sporting Goods",QUANTIS,Boston,https://www.welcometothejungle.com/en/companies/quantis/jobs/sustainability-strategist-fashion-sporting-goods-account-director_boston
Expansion and Launch Operations Principal,VIA,New York,https://www.welcometothejungle.com/en/companies/via/jobs/expansion-and-launch-operations-principal_london
Enterprise Sales Development Representative (SDR) US,TRUSTPAIR,New York,https://www.welcometothejungle.com/en/companies/trustpair/jobs/enterprise-sales-development-representative-sdr-us_new-york
Marketing Manager,KURMI SOFTWARE,New York,https://www.welcometothejungle.com/en/companies/kurmi-software/jobs/marketing-manager_new-york
Technical Solutions Consultant,MSX INTERNATIONAL,Warwick,https://www.welcometothejungle.com/en/companies/msx-international/jobs/technical-solutions-consultant_warwick
Express Service Plus Specialist,MSX INTERNATIONAL,Philadelphia,https://www.welcometothejungle.com/en/companies/msx-international/jobs/express-service-plus-specialist_philadelphia
Applied Scientist/Research Engineer - Palo Alto/NYC,MISTRAL AI,Palo Alto,https://www.welcometothejungle.com/en/companies/mistral-ai/jobs/applied-scientist-research-engineer-palo-alto-nyc_palo-alto
Sr. Systems Engineer,SAFRAN ELECTRONICS & DEFENSE,Irvine,https://www.welcometothejungle.com/en/companies/safran-electronics-defense-fr/jobs/sr-systems-engineer_irvine_SED_Jyr2aj7
Civil Works Design Coordinator M/F,VINCI CONSTRUCTION,Chicago,https://www.welcometothejungle.com/en/companies/vinci-construction-fr/jobs/civil-works-design-coordinator-m-f_chicago
Commercial Manager: Systems M/F,VINCI CONSTRUCTION,Chicago,https://www.welcometothejungle.com/en/companies/vinci-construction-fr/jobs/commercial-manager-systems-m-f_chicago
Growth Marketing Lead,NABLA,New York,https://www.welcometothejungle.com/en/companies/nabla/jobs/mid-market-growth-marketing-manager_new-york_NABLA_Pd6gO0W
Technical Solutions Manager,NABLA,New York,https://www.welcometothejungle.com/en/companies/nabla/jobs/technical-solutions-manager_new-york_NABLA_GRXyYL7
Rating Engine Implementation Lead,AKUR8,New York,https://www.welcometothejungle.com/en/companies/akur8/jobs/rating-engine-implementation-lead_new-york
Partner Success Associate Principal,VIA,Atlanta,https://www.welcometothejungle.com/en/companies/via/jobs/partner-success-associate-principal_georgia
"Partner Success Principal, Eastern US",VIA,Atlanta,https://www.welcometothejungle.com/en/companies/via/jobs/partner-success-principal-eastern-us_london
Partner Growth Principal,VIA,Atlanta,https://www.welcometothejungle.com/en/companies/via/jobs/partner-growth-principal_london_VIA_QWoYKd1
Senior Strategic Account Manager,VIA,Atlanta,https://www.welcometothejungle.com/en/companies/via/jobs/senior-strategic-account-manager_london
Embedded Linux SW Engineer (Sr),WITEKIO,Bellevue,https://www.welcometothejungle.com/en/companies/witekio/jobs/embedded-linux-sw-engineer-sr_bellevue_WITEK_W6ed7K2
Technical Partner Enablement Lead,MISTRAL AI,Palo Alto,https://www.welcometothejungle.com/en/companies/mistral-ai/jobs/technical-partner-enablement-lead_palo-alto
Concrete Batch Plant Superintendent M/F,VINCI CONSTRUCTION,Norfolk,https://www.welcometothejungle.com/en/companies/vinci-construction-fr/jobs/concrete-batch-plant-superintendent-m-f_norfolk
Tunnel Interior Structure Construction Superintendent M/F,VINCI CONSTRUCTION,Norfolk,https://www.welcometothejungle.com/en/companies/vinci-construction-fr/jobs/tunnel-interior-structure-construction-superintendent-m-f_norfolk
Administrative Assistant M/F,VINCI CONSTRUCTION,Chicago,https://www.welcometothejungle.com/en/companies/vinci-construction-fr/jobs/administrative-assistant-m-f_chicago
Field Engineer M/F,VINCI CONSTRUCTION,Norfolk,https://www.welcometothejungle.com/en/companies/vinci-construction-fr/jobs/field-engineer-m-f_norfolk
Business Development Representative (US),DUST,San Francisco,https://www.welcometothejungle.com/en/companies/dust/jobs/business-development-representative-us_san-francisco
Content Marketing Specialist,DATADOME,New York,https://www.welcometothejungle.com/en/companies/datadome/jobs/content-marketing-specialist_new-york_DATAD_1yqAaJM
Technology Alliances Manager (USA) - Woman / Man / Non Binary,FILIGRAN,New York,https://www.welcometothejungle.com/en/companies/filigran/jobs/technology-alliances-manager-usa-woman-man-non-binary_new-york
Customer Service Technical Support Specialist,L-ACOUSTICS,Westlake Village,https://www.welcometothejungle.com/en/companies/l-acoustics/jobs/customer-service-technical-support-specialist_westlake_LACOU_pRo9GbR
Senior Acquisition Marketing Specialist,"TURO, FRANCE",San Francisco,https://www.welcometothejungle.com/en/companies/turo/jobs/senior-acquisition-marketing-specialist_san-francisco
"Sales Director, CPG",OGURY,New York,https://www.welcometothejungle.com/en/companies/ogury/jobs/sales-director-cpg_new-york_OGURY_m15JDwV
Logistics Clerk,SAFRAN ELECTRONICS & DEFENSE,Grand Prairie,https://www.welcometothejungle.com/en/companies/safran-electronics-defense-fr/jobs/logistics-clerk_grand-prairie_SED_KrR3AR3
Senior Electrical Engineer,SAFRAN ELECTRONICS & DEFENSE,Irvine,https://www.welcometothejungle.com/en/companies/safran-electronics-defense-fr/jobs/senior-electrical-engineer_irvine_SED_66lWZKw
Senior Mechanical Engineer,SAFRAN ELECTRONICS & DEFENSE,Irvine,https://www.welcometothejungle.com/en/companies/safran-electronics-defense-fr/jobs/senior-mechanical-engineer_irvine
Customer Quality Manager,SAFRAN ELECTRONICS & DEFENSE,Irvine,https://www.welcometothejungle.com/en/companies/safran-electronics-defense-fr/jobs/customer-quality-manager_irvine_SED_xo8z4xw
"AI Deployment Strategist, Post-Sales (US)",DUST,San Francisco,https://www.welcometothejungle.com/en/companies/dust/jobs/customer-success-us_san-francisco
Senior Talent Acquisition Specialist,NABLA,New York,https://www.welcometothejungle.com/en/companies/nabla/jobs/recruitment-specialist_new-york
Founding Product Marketer,DUST,San Francisco,https://www.welcometothejungle.com/en/companies/dust/jobs/product-marketing-manager-us_new-york
Global Support Operations Associate,VIA,New York,https://www.welcometothejungle.com/en/companies/via/jobs/global-support-operations-associate_new-york
Vice President US Sales,IMPLICITY,New York,https://www.welcometothejungle.com/en/companies/implicity/jobs/vice-president-us-sales_new-york
Service Lane Consultant,MSX INTERNATIONAL,Cedar Rapids,https://www.welcometothejungle.com/en/companies/msx-international/jobs/service-lane-consultant_cedar-rapids
North America Account Executive,MSX INTERNATIONAL,Los Angeles,https://www.welcometothejungle.com/en/companies/msx-international/jobs/north-america-account-executive_southfield
"Strategic Account Executive, West",DATAIKU,Phoenix,https://www.welcometothejungle.com/en/companies/dataiku/jobs/strategic-account-executive-west_san-francisco_DATAI_NwjQ93V
Regional Content Marketing Manager,MIRAKL,Boston,https://www.welcometothejungle.com/en/companies/mirakl/jobs/regional-content-marketing-manager_boston
Regional Sales Director (Radiation Oncology),THERAPANACEA,"Chicago, Boston",https://www.welcometothejungle.com/en/companies/therapanacea/jobs/regional-sales-director-radiation-oncology
"Sales Specialist, Naples",HERMÈS,Naples,https://www.welcometothejungle.com/en/companies/hermes/jobs/sales-specialist-naples_naples_HERMS_ogD2JZL
"Selling and Service Assistant, Maison Madison Flagship",HERMÈS,New York,https://www.welcometothejungle.com/en/companies/hermes/jobs/selling-and-service-assistant-maison-madison-flagship_new-york
Retail Projects Manager,HERMÈS,New York,https://www.welcometothejungle.com/en/companies/hermes/jobs/retail-projects-manager_new-york_HERMS_5kPyWV2
"Sales Specialist, Nashville",HERMÈS,Washington,https://www.welcometothejungle.com/en/companies/hermes/jobs/sales-specialist-nashville_nashvle
"Sales Specialist, Las Vegas Wynn",HERMÈS,Las Vegas,https://www.welcometothejungle.com/en/companies/hermes/jobs/sales-specialist-las-vegas-wynn_las-vegas_HERMS_q8QrLWN
Assistant Manager - Logistics eCommerce,HERMÈS,Dayton,https://www.welcometothejungle.com/en/companies/hermes/jobs/assistant-manager-logistics-ecommerce_dayton_HERMS_wkKdXab
"Sales Specialist, Main Floor, Maison Madison Flagship",HERMÈS,New York,https://www.welcometothejungle.com/en/companies/hermes/jobs/sales-specialist-main-floor-maison-madison-flagship_new-york_HERMS_kzpJzZZ
Account Executive,EQUATIV,New York,https://www.welcometothejungle.com/en/companies/equativ/jobs/senior-account-executive_new-york
"Operations Manager, Palo Alto",HERMÈS,Palo Alto,https://www.welcometothejungle.com/en/companies/hermes/jobs/operations-manager-palo-alto_palo-alto
"Sales Specialist, Beverly Hills Flagship",HERMÈS,Beverly Hills,https://www.welcometothejungle.com/en/companies/hermes/jobs/sales-specialist-beverly-hills-flagship_beverly-hls
"Sales Specialist, Main Floor, Maison Madison Flagship",HERMÈS,New York,https://www.welcometothejungle.com/en/companies/hermes/jobs/sales-specialist-main-floor-maison-madison-flagship_new-york_HERMS_qyWZALg
"Sales Specialist, Las Vegas Crystals",HERMÈS,Las Vegas,https://www.welcometothejungle.com/en/companies/hermes/jobs/sales-specialist-las-vegas-crystals_las-vegas_HERMS_ox5OO90
PRODUCTION MACHINE OPERATOR,LISI,Torrance,https://www.welcometothejungle.com/en/companies/lisi/jobs/production-machine-operator_torrance_LISI_mW2Vqle
PRODUCTION MACHINE OPERATOR,LISI,Torrance,https://www.welcometothejungle.com/en/companies/lisi/jobs/production-machine-operator_torrance_LISI_3pd9yQj
PRODUCTION SPECIALTY LEVEL II-Thread Roll,LISI,Torrance,https://www.welcometothejungle.com/en/companies/lisi/jobs/production-specialty-level-ii-thread-roll_torrance_LISI_DPxYAm0
PRODUCTION MACHINE LEVEL I (C SHIFT),LISI,Torrance,https://www.welcometothejungle.com/en/companies/lisi/jobs/production-machine-level-i-c-shift_torrance_LISI_qR79QJy
PRODUCTION MACHINE LEVEL I (C SHIFT),LISI,Torrance,https://www.welcometothejungle.com/en/companies/lisi/jobs/production-machine-level-i-c-shift_torrance_LISI_GNPZZNA
PRODUCTION SPECIALTY LEVEL II-Thread Roll,LISI,Torrance,https://www.welcometothejungle.com/en/companies/lisi/jobs/production-specialty-level-ii-thread-roll_torrance_LISI_J3mZjAb
Growth Marketing Manager - US - M/F/D,AB TASTY,New York,https://www.welcometothejungle.com/en/companies/ab-tasty/jobs/growth-marketing-manager-us-m-f-d_new-york
Project Manager- Distributions Center,SAFRAN ELECTRONICS & DEFENSE,Grand Prairie,https://www.welcometothejungle.com/en/companies/safran-electronics-defense-fr/jobs/project-manager-distributions-center_grand-prairie
